{"version": {"json_export": "226", "page_segmentation": "55", "schema": "1.1.0", "structure": "1.1181.0", "table_structure": "5"}, "extended_metadata": {"ID_instance": "3F D3 A9 C1 81 BE B2 11 0A 00 11 52 3B 0C C9 D1 ", "ID_permanent": "3F D3 A9 C1 81 BE B2 11 0A 00 11 52 3B 0C C9 D1 ", "has_acroform": false, "has_embedded_files": false, "is_XFA": false, "is_certified": false, "is_encrypted": false, "is_digitally_signed": false, "language": "en", "page_count": 1, "pdf_version": "1.6", "pdfa_compliance_level": "", "pdfua_compliance_level": ""}, "elements": [{"Bounds": [100.0, 694.6000061035156, 230.00799560546875, 722.343994140625], "Font": {"alt_family_name": "Helvetica", "embedded": false, "encoding": "Custom", "family_name": "Helvetica", "font_type": "Type1", "italic": false, "monospaced": false, "name": "Helvetica", "subset": false, "weight": 400}, "HasClip": false, "Lang": "en", "ObjectID": 10, "Page": 0, "Path": "//Document/Sect/Title", "Text": "Hello World ", "TextSize": 24.0, "attributes": {"LineHeight": 28.75}}], "pages": [{"boxes": {"CropBox": [0.0, 0.0, 612.0, 792.0], "MediaBox": [0.0, 0.0, 612.0, 792.0]}, "height": 792.0, "is_scanned": false, "page_number": 0, "rotation": 0, "width": 612.0}]}