{"version": {"json_export": "226", "page_segmentation": "55", "schema": "1.1.0", "structure": "1.1181.0", "table_structure": "5"}, "extended_metadata": {"ID_instance": "03 CB 03 A5 81 BE B2 11 0A 00 7B F3 D5 0A 2B D9 ", "ID_permanent": "03 CB 03 A5 81 BE B2 11 0A 00 7B F3 D5 0A 2B D9 ", "has_acroform": false, "has_embedded_files": false, "is_XFA": false, "is_certified": false, "is_encrypted": false, "is_digitally_signed": false, "language": "en", "page_count": 1, "pdf_version": "1.6", "pdfa_compliance_level": "", "pdfua_compliance_level": ""}, "elements": [{"Bounds": [0.0, -3.9239959716796875, 94.98599243164062, 16.16400146484375], "Font": {"alt_family_name": "Times", "embedded": false, "encoding": "Custom", "family_name": "Times", "font_type": "Type1", "italic": false, "monospaced": false, "name": "Times-Roman", "subset": false, "weight": 400}, "HasClip": false, "Lang": "en", "ObjectID": 8, "Page": 0, "Path": "//Document/Sect/Title", "Text": "Hello World ", "TextSize": 18.0, "attributes": {"LineHeight": 21.625}}], "pages": [{"boxes": {"CropBox": [0.0, 0.0, 300.0, 144.0], "MediaBox": [0.0, 0.0, 300.0, 144.0]}, "height": 144.0, "is_scanned": false, "page_number": 0, "rotation": 0, "width": 300.0}]}