{"version": {"json_export": "226", "page_segmentation": "5", "schema": "1.1.0", "structure": "1.1181.0", "table_structure": "5"}, "extended_metadata": {"ID_instance": "30 62 4E E6 81 BE B2 11 0A 00 75 50 7B 63 8C 7F ", "ID_permanent": "A4 23 BD 14 37 83 CB 25 23 0B F1 94 19 41 F2 15 ", "has_acroform": false, "has_embedded_files": false, "is_XFA": false, "is_certified": false, "is_encrypted": false, "is_digitally_signed": false, "language": "", "page_count": 1, "pdf_version": "1.6", "pdfa_compliance_level": "", "pdfua_compliance_level": ""}, "elements": [{"Bounds": [71.8800048828125, 119.39999389648438, 572.760009765625, 620.2799987792969], "ClipBounds": [71.8800048828125, 119.39999389648438, 572.760009765625, 620.2799987792969], "ObjectID": 25, "Page": 0, "Path": "//Document/Figure", "attributes": {"BBox": [71.99709999999686, 102.62799999999697, 572.4969999999739, 606.127999999997], "Placement": "Block"}}, {"Bounds": [71.8800048828125, 119.39999389648438, 572.760009765625, 620.2799987792969], "ClipBounds": [71.8800048828125, 119.39999389648438, 572.760009765625, 620.2799987792969], "Font": {"alt_family_name": "* Courier", "embedded": true, "encoding": "Identity-H", "family_name": "* Courier", "font_type": "CIDFontType0", "italic": false, "monospaced": false, "name": "*Courier-Bold-350", "subset": false, "weight": 700}, "HasClip": false, "ObjectID": 25, "Page": 0, "Path": "//Document/Figure", "Text": "Medical Report Patient Name: Jane Doe Vitals: BP 110/70, HR 80 bpm, Weight 65kg Allergies: Sulfa Medications: Ibuprofen 0.n \u2022 \u2022 \u2022 t\u2022v; \u00b7\u2022 \u2022 \u2022 \u2022 \u2022 \u2022 \u2022 \u2022 \u2022 \u2022 \u2022 \u2022 \u2022 \u2022 ", "TextSize": 29.0, "attributes": {"BBox": [71.99709999999686, 102.62799999999697, 572.4969999999739, 606.127999999997], "Placement": "Block"}}], "pages": [{"boxes": {"CropBox": [0.0, 0.0, 612.0, 792.0], "MediaBox": [0.0, 0.0, 612.0, 792.0]}, "height": 792.0, "is_scanned": true, "page_number": 0, "rotation": 0, "width": 612.0}]}