{"version": {"json_export": "226", "page_segmentation": "55", "schema": "1.1.0", "structure": "1.1181.0", "table_structure": "5"}, "extended_metadata": {"ID_instance": "9C 5A CF D1 81 BE B2 11 0A 00 B0 87 C4 48 AD 48 ", "ID_permanent": "1A AE 5A 86 21 58 E0 99 D2 D0 DE 4D D4 D9 77 D3 ", "has_acroform": false, "has_embedded_files": false, "is_XFA": false, "is_certified": false, "is_encrypted": false, "is_digitally_signed": false, "language": "en", "page_count": 1, "pdf_version": "1.6", "pdfa_compliance_level": "", "pdfua_compliance_level": ""}, "elements": [{"Bounds": [238.36000061035156, 701.1399993896484, 379.1999969482422, 724.2599945068359], "Font": {"alt_family_name": "Helvetica", "embedded": false, "encoding": "WinAnsiEncoding", "family_name": "Helvetica", "font_type": "Type1", "italic": false, "monospaced": false, "name": "Helvetica", "subset": false, "weight": 400}, "HasClip": false, "Lang": "en", "ObjectID": 23, "Page": 0, "Path": "//Document/Sect/Title", "Text": "Medical Report ", "TextSize": 20.0, "attributes": {"LineHeight": 24, "TextAlign": "Center"}}, {"Bounds": [72.0, 662.4440002441406, 169.64398193359375, 676.3159942626953], "Font": {"alt_family_name": "Helvetica", "embedded": false, "encoding": "WinAnsiEncoding", "family_name": "Helvetica", "font_type": "Type1", "italic": false, "monospaced": false, "name": "Helvetica", "subset": false, "weight": 400}, "HasClip": false, "ObjectID": 24, "Page": 0, "Path": "//Document/Sect/P/Sub", "Text": "Patient: John Doe ", "TextSize": 12.0, "attributes": {"Placement": "Block"}}, {"Bounds": [72.0, 648.5720062255859, 168.11997985839844, 662.4440002441406], "Font": {"alt_family_name": "Helvetica", "embedded": false, "encoding": "WinAnsiEncoding", "family_name": "Helvetica", "font_type": "Type1", "italic": false, "monospaced": false, "name": "Helvetica", "subset": false, "weight": 400}, "HasClip": false, "ObjectID": 25, "Page": 0, "Path": "//Document/Sect/P/Sub[2]", "Text": "Date: 2023-10-27 ", "TextSize": 12.0, "attributes": {"Placement": "Block"}}, {"Bounds": [72.0, 617.0559997558594, 115.568115234375, 635.552001953125], "Font": {"alt_family_name": "Helvetica", "embedded": false, "encoding": "WinAnsiEncoding", "family_name": "Helvetica", "font_type": "Type1", "italic": false, "monospaced": false, "name": "Helvetica", "subset": false, "weight": 400}, "HasClip": false, "Lang": "en", "ObjectID": 26, "Page": 0, "Path": "//Document/Sect[2]/H1", "Text": "Vitals ", "TextSize": 16.0, "attributes": {"LineHeight": 19.25}}, {"Bounds": [72.0, 602.3320007324219, 134.1119842529297, 616.2039947509766], "Font": {"alt_family_name": "Helvetica", "embedded": false, "encoding": "WinAnsiEncoding", "family_name": "Helvetica", "font_type": "Type1", "italic": false, "monospaced": false, "name": "Helvetica", "subset": false, "weight": 400}, "HasClip": false, "ObjectID": 27, "Page": 0, "Path": "//Document/Sect[2]/P/Sub", "Text": "BP: 120/80 ", "TextSize": 12.0, "attributes": {"Placement": "Block"}}, {"Bounds": [72.0, 588.4600067138672, 138.75607299804688, 602.3320007324219], "Font": {"alt_family_name": "Helvetica", "embedded": false, "encoding": "WinAnsiEncoding", "family_name": "Helvetica", "font_type": "Type1", "italic": false, "monospaced": false, "name": "Helvetica", "subset": false, "weight": 400}, "HasClip": false, "ObjectID": 28, "Page": 0, "Path": "//Document/Sect[2]/P/Sub[2]", "Text": "HR: 72 bpm ", "TextSize": 12.0, "attributes": {"Placement": "Block"}}, {"Bounds": [72.0, 574.5879974365234, 147.74398803710938, 588.4600067138672], "Font": {"alt_family_name": "Helvetica", "embedded": false, "encoding": "WinAnsiEncoding", "family_name": "Helvetica", "font_type": "Type1", "italic": false, "monospaced": false, "name": "Helvetica", "subset": false, "weight": 400}, "HasClip": false, "ObjectID": 29, "Page": 0, "Path": "//Document/Sect[2]/P/Sub[3]", "Text": "Weight: 75 kg ", "TextSize": 12.0, "attributes": {"Placement": "Block"}}, {"Bounds": [72.0, 543.0720062255859, 142.239990234375, 561.5679931640625], "Font": {"alt_family_name": "Helvetica", "embedded": false, "encoding": "WinAnsiEncoding", "family_name": "Helvetica", "font_type": "Type1", "italic": false, "monospaced": false, "name": "Helvetica", "subset": false, "weight": 400}, "HasClip": false, "Lang": "en", "ObjectID": 30, "Page": 0, "Path": "//Document/Sect[3]/H1", "Text": "Allergies: ", "TextSize": 16.0, "attributes": {"LineHeight": 19.25}}, {"Bounds": [72.0, 528.3480072021484, 172.05599975585938, 542.2200012207031], "Font": {"alt_family_name": "Helvetica", "embedded": false, "encoding": "WinAnsiEncoding", "family_name": "Helvetica", "font_type": "Type1", "italic": false, "monospaced": false, "name": "Helvetica", "subset": false, "weight": 400}, "HasClip": false, "Lang": "en", "ObjectID": 31, "Page": 0, "Path": "//Document/Sect[3]/P", "Text": "Penicillin, Peanuts ", "TextSize": 12.0, "attributes": {"LineHeight": 14.375}}, {"Bounds": [72.0, 496.8320007324219, 166.256103515625, 515.3280029296875], "Font": {"alt_family_name": "Helvetica", "embedded": false, "encoding": "WinAnsiEncoding", "family_name": "Helvetica", "font_type": "Type1", "italic": false, "monospaced": false, "name": "Helvetica", "subset": false, "weight": 400}, "HasClip": false, "Lang": "en", "ObjectID": 32, "Page": 0, "Path": "//Document/Sect[4]/H1", "Text": "Medications: ", "TextSize": 16.0, "attributes": {"LineHeight": 19.25}}, {"Bounds": [72.0, 482.1080017089844, 259.6440734863281, 495.97999572753906], "Font": {"alt_family_name": "Helvetica", "embedded": false, "encoding": "WinAnsiEncoding", "family_name": "Helvetica", "font_type": "Type1", "italic": false, "monospaced": false, "name": "Helvetica", "subset": false, "weight": 400}, "HasClip": false, "Lang": "en", "ObjectID": 33, "Page": 0, "Path": "//Document/Sect[4]/P", "Text": "Lisinopril 10mg, Atorvastatin 20mg ", "TextSize": 12.0, "attributes": {"LineHeight": 14.375}}], "pages": [{"boxes": {"CropBox": [0.0, 0.0, 612.0, 792.0], "MediaBox": [0.0, 0.0, 612.0, 792.0]}, "height": 792.0, "is_scanned": false, "page_number": 0, "rotation": 0, "width": 612.0}]}